재고번호,시약명,구매일,개봉일,유효기한,남은양,보관위치,현재상태,비고
1,에탄올,2025-03-04,2025-03-10,2027-03-04,상,A-1-2,보관중,
2,에탄올,2024-05-20,2024-06-02,2026-05-20,하,A-1-3,보관중,잔량 적음
3,아세톤,2025-01-15,2025-02-01,2027-01-15,중,A-2-1,사용중,
4,아세톤,2023-09-08,2023-09-15,2025-09-08,중,A-2-2,보관중,유효기한 지남
5,수산화나트륨,2025-04-11,2025-04-18,2028-04-11,상,B-1-1,보관중,
6,수산화나트륨,2024-11-02,,2027-11-02,상,B-1-2,보관중,미개봉
7,마그네슘,2025-02-27,2025-03-05,2028-02-27,중,C-1-1,보관중,리본 형태
8,마그네슘,2024-08-19,2024-08-25,2027-08-19,하,C-1-2,사용중,
9,염산,2025-05-06,2025-05-12,2027-05-06,상,D-1-1,보관중,환기 필요
10,염산,2024-02-14,2024-02-20,2026-02-14,중,D-1-2,보관중,유효기한 임박
