시약명,카테고리,정식명칭,CAS번호,chemId,위험성,특성,취급저장방법,응급조치
에탄올,유기,에탄올,64-17-5,000034,"유해성·위험성 분류: 인화성 액체 : 구분2|심한 눈 손상성/눈 자극성 : 구분2|발암성 : 구분1A|특정표적장기 독성(1회 노출) : 구분3(마취영향)|특정표적장기 독성(반복 노출) : 구분2
그림문자: GHS02.gif|GHS07.gif|GHS08.gif
신호어: 위험
유해·위험문구: H225 : 고인화성 액체 및 증기|H319 : 눈에 심한 자극을 일으킴|H336 : 졸음 또는 현기증을 일으킬 수 있음|H350 : 암을 일으킬 수 있음(암을 일으키는 노출 경로를 기재한다. 단, 다른 노출경로에 의해 암을 일으키지 않는다는 결정적인 증거가 있는 경우에 한한다.)|H373 : 장기간 또는 반복노출 되면 장기(영향을 받는 것으로 알려진 모든 장기를 명시한다.)에 손상을 일으킬 수 있음(특정표적장기독성(반복노출)을 일으키는 노출 경로를 기재. 단, 다른 노출경로에 의해 특정표적장기독성(반복노출)을 일으키지 않는다는 결정적인 증거가 있는 경우에 한한다.)
예방: P201 : 사용 전 취급 설명서를 확보하시오.|P202 : 모든 안전 예방조치 문구를 읽고 이해하기 전에는 취급하지 마시오.|P210 : 열,고온의 표면,스파크,화염 및 그 밖의 점화원으로부터 멀리하시오.금연|P233 : 용기를 단단히 밀폐하시오.|P240 : 용기와 수용설비를 접지하시오.|P241 : 방폭형[전기/환기/조명/…]설비를 사용하시오.|P242 : 스파크가 발생하지 않는 도구를 사용하시오.|P243 : 정전기 방지 조치를 취하시오.|P260 : 분진/흄/가스/미스트/증기/스프레이를(을)흡입하지 마시오.|P261 : 분진/흄/가스/미스트/증기/스프레이의 흡입을 피하시오.|P264 : 취급 후에는…을(를)철저히 씻으시오.|P271 : 옥외 또는 환기가 잘 되는 곳에서만 취급하시오.|P280 : 보호장갑/보호의/보안경/안면보호구를(을)착용하시오.
대응: P303+P361+P353 : 피부(또는 머리카락)에 묻으면:오염된 모든 의류를 즉시 벗으시오.피부를 물로 씻으시오[또는 샤워하시오].|P304+P340 : 흡입하면:신선한 공기가 있는 곳으로 옮기고 호흡하기 쉬운 자세로 안정을 취하시오.|P305+P351+P338 : 눈에 묻으면:몇 분간 물로 조심해서 씻으시오.가능하면 콘택트렌즈를 제거하시오.계속 씻으시오.|P308+P313 : 노출되거나 노출이 우려되면:의학적인 조치/조언을 받으시오.|P312 : 불편함을 느끼면 의료기관/의사/…의 진찰을 받으시오.|P314 : 불편함을 느끼면 의학적인 조치/조언을 받으시오.|P337+P313 : 눈에 자극이 지속되면:의학적인 조치/조언을 받으시오.|P370+P378 : 화재 시:불을 끄기 위해…을(를)사용하시오.
저장: P403+P233 : 환기가 잘 되는 곳에 보관하시오.용기를 단단히 밀폐하시오.|P403+P235 : 환기가 잘 되는 곳에 보관하시오.저온으로 유지하시오.|P405 : 잠금장치를 하여 저장하시오.
폐기: P501 : 폐기물 관련 법령에 따라 내용물/용기를 폐기하시오","성상: 액체   |   ※출처 : HSDB
색상: 무색   |   ※출처 : HSDB
냄새: 와인 또는 위스키 냄새   |   ※출처 : HSDB
pH: 7 (10 g/L, H2O, 20 ℃)|   ※출처 : chemicalbook
녹는점/어는점: -114.1 ℃|   ※출처 : HSDB
초기 끓는점과 끓는점 범위: 78.5 ℃|   ※출처 : HSDB
인화점: 13 ℃(c.c.)|   ※출처 : HSDB
인화 또는 폭발 범위의 상한/하한: 27.7 / 3.1 %  |   ※출처 : ICSC
증기압: 5.8 ㎪(20 ℃)|   ※출처 : ICSC
용해도: 789000 ㎎/ℓ(20 ℃)|   ※출처 : ECHA Registered substances
증기밀도: 1.6 (공기=1)|   ※출처 : ICSC
비중: 0.79 (공기=1)|   ※출처 : ICSC
n-옥탄올/물분배계수 (Kow): -0.32 |   ※출처 : ICSC
자연발화온도: 400 ℃|   ※출처 : ICSC
점도: 1.074 cP(20℃, mPa s)|   ※출처 : ICSC
분자량: 46.0684   |   ※출처 : HSDB","안전취급요령: 모든 안전 예방조치 문구를 읽고 이해하기 전에는 취급하지 마시오.|폭발 방지용 전기·환기·조명·(...)·장비를 사용하시오.|스파크가 발생하지 않는 도구만을 사용하시오.|정전기 방지 조치를 취하시오.|취급 후에는 취급 부위를 철저히 씻으시오.|압력을 가하거나, 자르거나, 용접, 납땜, 접합, 뚫기, 연마 또는 열에 폭로, 화염, 불꽃, 정전기 또는 다른 점화원에 폭로하지 마시오.|용기가 비워진 후에도 제품 찌꺼기가 남아 있을 수 있으므로 모든 MSDS/라벨 예방조치를 따르시오.|취급/저장에 주의하여 사용하시오.|개봉 전에 조심스럽게 마개를 여시오.|가열된 물질에서 발생하는 증기를 호흡하지 마시오.|적절한 환기가 없으면 저장지역에 출입하지 마시오. |물질 취급시 모든 장비를 반드시 접지하시오|피해야할 물질 및 조건에 유의하시오|저지대 밀폐공간에서 작업시 산소결핍의 우려가 있으므로 작업중, 공기중 산소농도 측정 및 환기를 하시오
안전한 저장방법: 열·스파크·화염·고열로부터 멀리하시오 - 금연|용기를 단단히 밀폐하시오.|환기가 잘 되는 곳에 보관하고 저온으로 유지하시오.|잠금장치가 있는 저장장소에 저장하시오.|빈 드럼통은 완전히 배수하고 적절히 막아 즉시 드럼 조절기에 되돌려 놓거나 적절히 배치하시오.|피해야할 물질 및 조건에 유의하시오","눈에 들어갔을 때: 눈에 묻으면 몇 분간 물로 조심해서 씻으시오. 가능하면 콘택트렌즈를 제거하시오. 계속 씻으시오.|눈에 자극이 지속되면 의학적인 조치·조언을 구하시오.
피부에 접촉했을 때: 피부(또는 머리카락)에 묻으면 오염된 모든 의복은 벗으시오. 피부를 물로 씻으시오/샤워하시오.|긴급 의료조치를 받으시오|오염된 옷과 신발을 제거하고 오염지역을 격리하시오|화상의 경우 즉시 찬물로 가능한 오래 해당부위를 식히고, 피부에 들러붙은 옷은 제거하지 마시오|비누와 물로 피부를 씻으시오
흡입했을 때: 노출되거나 노출이 우려되면 의학적인 조치·조언을 구하시오.|신선한 공기가 있는 곳으로 옮기시오|호흡하지 않는 경우 인공호흡을 실시하시오|호흡이 힘들 경우 산소를 공급하시오|따뜻하게 하고 안정되게 해주시오
먹었을 때: 노출되거나 노출이 우려되면 의학적인 조치·조언을 구하시오.
기타 의사의 주의사항: 폭로시 의료진에게 연락하고 추적조사 등의 특별한 응급조치를 취하시오.|의료인력이 해당물질에 대해 인지하고 보호조치를 취하도록 하시오"
아세톤,유기,아세톤,67-64-1,001067,"유해성·위험성 분류: 인화성 액체 : 구분2|심한 눈 손상성/눈 자극성 : 구분2|생식독성 : 구분2|특정표적장기 독성(1회 노출) : 구분3(마취영향)|특정표적장기 독성(반복 노출) : 구분1
그림문자: GHS02.gif|GHS07.gif|GHS08.gif
신호어: 위험
유해·위험문구: H225 : 고인화성 액체 및 증기|H319 : 눈에 심한 자극을 일으킴|H336 : 졸음 또는 현기증을 일으킬 수 있음|H361 : 태아 또는 생식능력에 손상을 일으킬 것으로 의심됨(알려진 특정한 영향을 명시한다.)(생식독성을 일으키는 노출 경로를 기재한다. 단, 다른 노출경로에 의해 생식독성을 일으키지 않는다는 결정적인 증거가 있는 경우에 한한다.)|H372 : 장기간 또는 반복노출 되면 장기(영향을 받는 것으로 알려진 모든 장기를 명시한다.)에 손상을 일으킴(특정표적장기독성(반복노출)을 일으키는 노출 경로를 기재. 단, 다른 노출경로에 의해 특정표적장기독성(반복노출)을 일으키지 않는다는 결정적인 증거가 있는 경우에 한한다.)
예방: P201 : 사용 전 취급 설명서를 확보하시오.|P202 : 모든 안전 예방조치 문구를 읽고 이해하기 전에는 취급하지 마시오.|P210 : 열,고온의 표면,스파크,화염 및 그 밖의 점화원으로부터 멀리하시오.금연|P233 : 용기를 단단히 밀폐하시오.|P240 : 용기와 수용설비를 접지하시오.|P241 : 방폭형[전기/환기/조명/…]설비를 사용하시오.|P242 : 스파크가 발생하지 않는 도구를 사용하시오.|P243 : 정전기 방지 조치를 취하시오.|P260 : 분진/흄/가스/미스트/증기/스프레이를(을)흡입하지 마시오.|P261 : 분진/흄/가스/미스트/증기/스프레이의 흡입을 피하시오.|P264 : 취급 후에는…을(를)철저히 씻으시오.|P270 : 이 제품을 사용할 때에는 먹거나,마시거나 흡연하지 마시오.|P271 : 옥외 또는 환기가 잘 되는 곳에서만 취급하시오.|P280 : 보호장갑/보호의/보안경/안면보호구를(을)착용하시오.
대응: P303+P361+P353 : 피부(또는 머리카락)에 묻으면:오염된 모든 의류를 즉시 벗으시오.피부를 물로 씻으시오[또는 샤워하시오].|P304+P340 : 흡입하면:신선한 공기가 있는 곳으로 옮기고 호흡하기 쉬운 자세로 안정을 취하시오.|P305+P351+P338 : 눈에 묻으면:몇 분간 물로 조심해서 씻으시오.가능하면 콘택트렌즈를 제거하시오.계속 씻으시오.|P308+P313 : 노출되거나 노출이 우려되면:의학적인 조치/조언을 받으시오.|P312 : 불편함을 느끼면 의료기관/의사/…의 진찰을 받으시오.|P314 : 불편함을 느끼면 의학적인 조치/조언을 받으시오.|P337+P313 : 눈에 자극이 지속되면:의학적인 조치/조언을 받으시오.|P370+P378 : 화재 시:불을 끄기 위해…을(를)사용하시오.
저장: P403+P233 : 환기가 잘 되는 곳에 보관하시오.용기를 단단히 밀폐하시오.|P403+P235 : 환기가 잘 되는 곳에 보관하시오.저온으로 유지하시오.|P405 : 잠금장치를 하여 저장하시오.
폐기: P501 : 폐기물 관련 법령에 따라 내용물/용기를 폐기하시오","성상: 액체   |   ※출처 : ICSC
색상: 무색   |   ※출처 : ICSC
냄새: 달콤한 냄새   |   ※출처 : SRC
pH: 5 (20℃)|   ※출처 : ECHA
녹는점/어는점: -95 ℃|   ※출처 : ICSC
초기 끓는점과 끓는점 범위: 56.1 ℃(760 mmHg)|   ※출처 : HSDB
인화점: -18 ℃(구분2)|   ※출처 : 국가위험물통합정보시스템
인화 또는 폭발 범위의 상한/하한: 13 / 2.2 %  |   ※출처 : ICSC
증기압: 240 hPa(20℃)|   ※출처 : ECHA
용해도: 1000000 ㎎/ℓ(25℃)|   ※출처 : ChemIDPlus
비중: 0.79 |   ※출처 : ICSC
n-옥탄올/물분배계수 (Kow): -0.24 |   ※출처 : ICSC
자연발화온도: 465 ℃|   ※출처 : ICSC
점도: 0.00034 ㎡/s(40℃ 2))|   ※출처 : ECHA
분자량: 58.08   |   ※출처 : pubchem","안전취급요령: 모든 안전 예방조치 문구를 읽고 이해하기 전에는 취급하지 마시오.|방폭형[전기/환기/조명/…]설비를 사용하시오.|스파크가 발생하지 않는 도구를 사용하시오.|정전기 방지 조치를 취하시오.|분진/흄/가스/미스트/증기/스프레이의 흡입을 피하시오.|취급 후에는…을(를)철저히 씻으시오.|이 제품을 사용할 때에는 먹거나,마시거나 흡연하지 마시오.|옥외 또는 환기가 잘 되는 곳에서만 취급하시오.|압력을 가하거나, 자르거나, 용접, 납땜, 접합, 뚫기, 연마 또는 열에 폭로, 화염, 불꽃, 정전기 또는 다른 점화원에 폭로하지 마시오.|용기가 비워진 후에도 제품 찌꺼기가 남아 있을 수 있으므로 모든 MSDS/라벨 예방조치를 따르시오.|취급/저장에 주의하여 사용하시오.|개봉 전에 조심스럽게 마개를 여시오.|물질 취급시 모든 장비를 반드시 접지하시오|피해야할 물질 및 조건에 유의하시오|저지대 밀폐공간에서 작업시 산소결핍의 우려가 있으므로 작업중, 공기중 산소농도 측정 및 환기를 하시오
안전한 저장방법: 열,고온의 표면,스파크,화염 및 그 밖의 점화원으로부터 멀리하시오.금연|환기가 잘 되는 곳에 보관하시오.용기를 단단히 밀폐하시오.|환기가 잘 되는 곳에 보관하시오.저온으로 유지하시오.|빈 드럼통은 완전히 배수하고 적절히 막아 즉시 드럼 조절기에 되돌려 놓거나 적절히 배치하시오.|음식과 음료수로부터 멀리하시오.|피해야할 물질 및 조건에 유의하시오","눈에 들어갔을 때: 눈에 묻으면:몇 분간 물로 조심해서 씻으시오.가능하면 콘택트렌즈를 제거하시오.계속 씻으시오.|눈에 자극이 지속되면:의학적인 조치/조언을 받으시오.
피부에 접촉했을 때: 피부(또는 머리카락)에 묻으면:오염된 모든 의류를 즉시 벗으시오.피부를 물로 씻으시오[또는 샤워하시오].|불편함을 느끼면 의료기관/의사/…의 진찰을 받으시오.|오염된 옷과 신발을 제거하고 오염지역을 격리하시오|화상의 경우 즉시 찬물로 가능한 오래 해당부위를 식히고, 피부에 들러붙은 옷은 제거하지 마시오|비누와 물로 피부를 씻으시오
흡입했을 때: 노출되거나 노출이 우려되면:의학적인 조치/조언을 받으시오.|과량의 먼지 또는 흄에 노출된 경우 깨끗한 공기로 제거하고 기침이나 다른 증상이 있을 경우 의료 조치를 취하시오.|호흡하지 않는 경우 인공호흡을 실시하시오|호흡이 힘들 경우 산소를 공급하시오
먹었을 때: 노출되거나 노출이 우려되면:의학적인 조치/조언을 받으시오.
기타 의사의 주의사항: 폭로시 의료진에게 연락하고 추적조사 등의 특별한 응급조치를 취하시오.|의료인력이 해당물질에 대해 인지하고 보호조치를 취하도록 하시오"
수산화나트륨,무기,수산화나트륨,1310-73-2,001100,"유해성·위험성 분류: 금속부식성 물질 : 구분1|급성 독성(경피) : 구분4|피부 부식성/피부 자극성 : 구분1
그림문자: GHS05.gif|GHS07.gif
신호어: 위험
유해·위험문구: H290 : 금속을 부식시킬 수 있음|H312 : 피부와 접촉하면 유해함|H314 : 피부에 심한 화상과 눈에 손상을 일으킴
예방: P234 : 원래의 용기에만 보관하시오.|P260 : 분진/흄/가스/미스트/증기/스프레이를(을)흡입하지 마시오.|P264 : 취급 후에는…을(를)철저히 씻으시오.|P280 : 보호장갑/보호의/보안경/안면보호구를(을)착용하시오.
대응: P301+P330+P331 : 삼켰다면:입을 씻어내시오.토하게 하지 마시오.|P302+P352 : 피부에 묻으면:다량의 물/…(으)로 씻으시오.|P303+P361+P353 : 피부(또는 머리카락)에 묻으면:오염된 모든 의류를 즉시 벗으시오.피부를 물로 씻으시오[또는 샤워하시오].|P304+P340 : 흡입하면:신선한 공기가 있는 곳으로 옮기고 호흡하기 쉬운 자세로 안정을 취하시오.|P305+P351+P338 : 눈에 묻으면:몇 분간 물로 조심해서 씻으시오.가능하면 콘택트렌즈를 제거하시오.계속 씻으시오.|P310 : 즉시 의료기관/의사/…의 진찰을 받으시오.|P312 : 불편함을 느끼면 의료기관/의사/…의 진찰을 받으시오.|P321 : …처치를 하시오.|P362+P364 : 오염된 의류를 벗고 다시 사용 전 세척하시오.|P363 : 다시 사용 전 오염된 의류를 세척하시오.|P390 : 물질손상을 방지하기 위해 누출물을 흡수시키시오.
저장: P405 : 잠금장치를 하여 저장하시오.|P406 : 금속부식성 물질이므로 제조자 또는 행정관청에서 정한 내부식성 용기 등에 보관하시오.
폐기: P501 : 폐기물 관련 법령에 따라 내용물/용기를 폐기하시오","성상: 고체   |   ※출처 : ICSC
색상: 흰색
냄새: 무취   |   ※출처 : ICSC
pH: 14 (20℃ 농도 50g/L)|   ※출처 : GESTIS
녹는점/어는점: 318 ℃|   ※출처 : ICSC
초기 끓는점과 끓는점 범위: 1390 ℃|   ※출처 : ICSC
인화점: (해당없음) |   ※출처 : ICSC
인화성(고체, 기체): 비가연성 (1)
인화 또는 폭발 범위의 상한/하한: - / -   |   ※출처 : ICSC
증기압: &lt; 0.001 ㎪ (원문: 10^(-5)hPa at 25°C, 계산값) |   ※출처 : OECD SIDS
용해도: 109 g/100㎖(20℃ (1), 알코올, 글리세롤에 가용 (2))|   ※출처 : ICSC, HSDB
비중: 2.13 (20℃)|   ※출처 : ICSC
n-옥탄올/물분배계수 (Kow): -3.88 (추정치)|   ※출처 : SRC
자연발화온도: (불연성) |   ※출처 : ICSC
점도: 4 cP(350℃)|   ※출처 : NCIS
분자량: 40   |   ※출처 : SIDS","안전취급요령: 취급 후에는…을(를)철저히 씻으시오.|환기가 잘 되는 지역에서만 사용하시오.|용기가 비워진 후에도 제품 찌꺼기가 남아 있을 수 있으므로 모든 MSDS/라벨 예방조치를 따르시오.|취급/저장에 주의하여 사용하시오.|개봉 전에 조심스럽게 마개를 여시오.|장기간 또는 지속적인 피부접촉을 막으시오.|가열된 물질에서 발생하는 증기를 호흡하지 마시오.|적절한 환기가 없으면 저장지역에 출입하지 마시오. |피해야할 물질 및 조건에 유의하시오|공학적 관리 및 개인보호구를 참조하여 작업하시오
안전한 저장방법: 원래의 용기에만 보관하시오.|잠금장치를 하여 저장하시오.|금속부식성 물질이므로 제조자 또는 행정관청에서 정한 내부식성 용기 등에 보관하시오.|빈 드럼통은 완전히 배수하고 적절히 막아 즉시 드럼 조절기에 되돌려 놓거나 적절히 배치하시오.|피해야할 물질 및 조건에 유의하시오","눈에 들어갔을 때: 눈에 묻으면:몇 분간 물로 조심해서 씻으시오.가능하면 콘택트렌즈를 제거하시오.계속 씻으시오.|긴급 의료조치를 받으시오
피부에 접촉했을 때: 피부(또는 머리카락)에 묻으면:오염된 모든 의류를 즉시 벗으시오.피부를 물로 씻으시오[또는 샤워하시오].|불편함을 느끼면 의료기관/의사/…의 진찰을 받으시오.|다시 사용 전 오염된 의류를 세척하시오.|뜨거운 물질인 경우, 열을 없애기 위해 영향을 받은 부위를 다량의 차가운 물에 담그거나 씻어내시오|긴급 의료조치를 받으시오|오염된 옷과 신발을 제거하고 오염지역을 격리하시오|경미한 피부 접촉 시 오염부위 확산을 방지하시오
흡입했을 때: 즉시 의료기관/의사/…의 진찰을 받으시오.
먹었을 때: 삼켰다면:입을 씻어내시오.토하게 하지 마시오.|긴급 의료조치를 받으시오|물질을 먹거나 흡입하였을 경우 구강대구강법으로 인공호흡을 하지 말고 적절한 호흡의료장비를 이용하시오
기타 의사의 주의사항: 접촉·흡입하여 생긴 증상은 지연될 수 있음|의료인력이 해당물질에 대해 인지하고 보호조치를 취하도록 하시오"
마그네슘,금속,산화마그네슘,1309-48-4,003403,"유해성·위험성 분류: 심한 눈 손상성/눈 자극성 : 구분2|특정표적장기 독성(1회 노출) : 구분3(호흡기 자극)
그림문자: GHS07.gif
신호어: 경고
유해·위험문구: H319 : 눈에 심한 자극을 일으킴|H335 : 호흡기 자극을 일으킬 수 있음
예방: P261 : 분진/흄/가스/미스트/증기/스프레이의 흡입을 피하시오.|P264 : 취급 후에는…을(를)철저히 씻으시오.|P271 : 옥외 또는 환기가 잘 되는 곳에서만 취급하시오.|P280 : 보호장갑/보호의/보안경/안면보호구를(을)착용하시오.
대응: P304+P340 : 흡입하면:신선한 공기가 있는 곳으로 옮기고 호흡하기 쉬운 자세로 안정을 취하시오.|P305+P351+P338 : 눈에 묻으면:몇 분간 물로 조심해서 씻으시오.가능하면 콘택트렌즈를 제거하시오.계속 씻으시오.|P312 : 불편함을 느끼면 의료기관/의사/…의 진찰을 받으시오.|P337+P313 : 눈에 자극이 지속되면:의학적인 조치/조언을 받으시오.
저장: P403+P233 : 환기가 잘 되는 곳에 보관하시오.용기를 단단히 밀폐하시오.|P405 : 잠금장치를 하여 저장하시오.
폐기: P501 : 폐기물 관련 법령에 따라 내용물/용기를 폐기하시오","성상: (미세 분말) |   ※출처 : HSDB
색상: 흰색   |   ※출처 : HSDB
냄새: 무취   |   ※출처 : HSDB
pH: 10.3 (포화 수용액)|   ※출처 : HSDB
녹는점/어는점: 2825 ℃|   ※출처 : HSDB
초기 끓는점과 끓는점 범위: 3600 ℃|   ※출처 : HSDB
인화점: (해당없음) |자료없음
증기압: 0 ㎜Hg (대략적) |   ※출처 : CAMEO
용해도: (산에 용해됨s and ammonium salt solutions) |   ※출처 : HSDB
증기밀도: 3.6 g/㎤   |   ※출처 : HSDB
비중: 3.6  (g/cu cm) |   ※출처 : HSDB
분자량: 40.3   |   ※출처 : HSDB","안전취급요령: 피해야할 물질 및 조건에 유의하시오|취급 후 철저히 씻으시오|공학적 관리 및 개인보호구를 참조하여 작업하시오|고온에 주의하시오|물질 유출시 공기 중 산소 농도를 저하시켜서 밀폐된 장소에서 질식을 일으킬 수 있으므로 유출되지 않도록 주의하시오.|공기 중 고농도 상태에서 산소 결핍을 일으켜 의식상실 혹은 사망을 일으킬 위험이 있으므로 해당 장소에 들어가기 전 산소 농도를 체크하시오.|물질 유출시 액체가 빠르게 증발하면서 공기를 대체함에 따라 밀폐장소에서 있을 때 심각한 질식의 우려가 있으므로 유출되지 않도록 주의하시오.|물질 유출시 공기중에서 이 가스의 유해 농도까지 매우 빨리 도달하므로 유출되지 않도록 주의하시오.|뿌리면 공기 입자의 유해 농도까지 매우 빨리 도달할 수 있으므로 뿌리지 마시오.|20℃에서 이 물질이 다소 천천히 증발하면서 유해 농도에 도달하므로 20℃ 이하로 유지하시오.|20℃에서 증발은 거의 일어나지 않으나, 뿌리면 공기 입자의 유해 농도까지 매우 빨리 도달할 수 있으므로 뿌리지 마시오.|20℃에서 증발은 거의 일어나지 않으나, 뿌리거나 스프레이 하면 공기 입자의 유해 농도까지 매우 빨리 도달할 수 있으므로 뿌리거나 스프레이하지 마시오. (특히, 파우더의 경우)|20℃에서 증발은 거의 일어나지 않으나, 뿌리면 공기 입자의 유해 농도까지 매우 빨리 도달할 수 있으므로 뿌리지 마시오. (특히, 파우더의 경우)|해당 장소에 들어가기 전 산소 농도를 체크하시오.|스프레이하거나 뿌리는 경우 더 빠르게 증발으므로 스프레이하거나 뿌리지마시오.
안전한 저장방법: 밀폐하여 보관하시오|서늘하고 건조한 장소에 저장하시오|피해야할 물질 및 조건에 유의하시오","눈에 들어갔을 때: 물질과 접촉시 즉시 20분 이상 흐르는 물에 눈을 씻어내시오|즉시 의료조치를 취하시오
피부에 접촉했을 때: 물질과 접촉시 즉시 20분 이상 흐르는 물에 피부를 씻어내시오|오염된 옷과 신발을 제거하고 격리하시오|재사용 전에는 옷과 신발을 완전히 씻어내시오|즉시 의료조치를 취하시오
흡입했을 때: 긴급 의료조치를 받으시오|신선한 공기가 있는 곳으로 옮기시오|호흡하지 않는 경우 인공호흡을 실시하시오|호흡이 힘들 경우 산소를 공급하시오
먹었을 때: 의식이 없는 사람에게 입으로 아무것도 먹이지 마시오|즉시 의료조치를 취하시오
기타 의사의 주의사항: 의료인력이 해당물질에 대해 알고 보호조치를 취하도록 하시오|아드레날린 제제를 투여하지 마시오."
염산,산,염산 오라민,2465-27-2,000596,"유해성·위험성 분류: 급성 독성(경구) : 구분4|급성 독성(경피) : 구분3|심한 눈 손상성/눈 자극성 : 구분2|발암성 : 구분2|특정표적장기 독성(반복 노출) : 구분2
그림문자: GHS06.gif|GHS08.gif
신호어: 위험
유해·위험문구: H302 : 삼키면 유해함|H311 : 피부와 접촉하면 유독함|H319 : 눈에 심한 자극을 일으킴|H351 : 암을 일으킬 것으로 의심됨(암을 일으키는 노출 경로를 기재한다. 단, 다른 노출경로에 의해 암을 일으키지 않는다는 결정적인 증거가 있는 경우에 한한다.)|H373 : 장기간 또는 반복노출 되면 장기(영향을 받는 것으로 알려진 모든 장기를 명시한다.)에 손상을 일으킬 수 있음(특정표적장기독성(반복노출)을 일으키는 노출 경로를 기재. 단, 다른 노출경로에 의해 특정표적장기독성(반복노출)을 일으키지 않는다는 결정적인 증거가 있는 경우에 한한다.)
예방: P201 : 사용 전 취급 설명서를 확보하시오.|P202 : 모든 안전 예방조치 문구를 읽고 이해하기 전에는 취급하지 마시오.|P260 : 분진/흄/가스/미스트/증기/스프레이를(을)흡입하지 마시오.|P264 : 취급 후에는…을(를)철저히 씻으시오.|P270 : 이 제품을 사용할 때에는 먹거나,마시거나 흡연하지 마시오.|P280 : 보호장갑/보호의/보안경/안면보호구를(을)착용하시오.
대응: P301+P312 : 삼켰다면:불편함을 느끼면 의료기관/의사/…의 진찰을 받으시오.|P302+P352 : 피부에 묻으면:다량의 물/…(으)로 씻으시오.|P305+P351+P338 : 눈에 묻으면:몇 분간 물로 조심해서 씻으시오.가능하면 콘택트렌즈를 제거하시오.계속 씻으시오.|P308+P313 : 노출되거나 노출이 우려되면:의학적인 조치/조언을 받으시오.|P312 : 불편함을 느끼면 의료기관/의사/…의 진찰을 받으시오.|P314 : 불편함을 느끼면 의학적인 조치/조언을 받으시오.|P321 : …처치를 하시오.|P330 : 입을 씻어내시오.|P337+P313 : 눈에 자극이 지속되면:의학적인 조치/조언을 받으시오.|P361+P364 : 오염된 모든 의류를 즉시 벗고 다시 사용 전 세척하시오.
저장: P405 : 잠금장치를 하여 저장하시오.
폐기: P501 : 폐기물 관련 법령에 따라 내용물/용기를 폐기하시오","냄새: 무취
pH: (해당 안됨)
녹는점/어는점: 267 ℃
증발속도: (해당없음)
증기압: 0.00000129 ㎜Hg (25℃ (추정치))
용해도: 1 g/100㎖
증기밀도: (해당없음)
비중: (&gt;1)
n-옥탄올/물분배계수 (Kow): 2.98
분자량: 303.84","안전취급요령: 모든 안전 예방조치 문구를 읽고 이해하기 전에는 취급하지 마시오.|취급 후에는 취급 부위를 철저히 씻으시오.|이 제품을 사용할 때에는 먹거나, 마시거나 흡연하지 마시오.|용기가 비워진 후에도 제품 찌꺼기가 남아 있을 수 있으므로 모든 MSDS/라벨 예방조치를 따르시오.|취급/저장에 주의하여 사용하시오.|개봉 전에 조심스럽게 마개를 여시오.|적절한 환기가 없으면 저장지역에 출입하지 마시오. |피해야할 물질 및 조건에 유의하시오
안전한 저장방법: 잠금장치가 있는 저장장소에 저장하시오.|빈 드럼통은 완전히 배수하고 적절히 막아 즉시 드럼 조절기에 되돌려 놓거나 적절히 배치하시오.|음식과 음료수로부터 멀리하시오.|피해야할 물질 및 조건에 유의하시오","눈에 들어갔을 때: 눈에 묻으면 몇 분간 물로 조심해서 씻으시오. 가능하면 콘택트렌즈를 제거하시오. 계속 씻으시오.|눈에 자극이 지속되면 의학적인 조치·조언을 구하시오.
피부에 접촉했을 때: 불편함을 느끼면 의료기관(의사)의 진찰을 받으시오.|오염된 모든 의복은 벗거나 제거하시오.|다시 사용전 오염된 의복은 세척하시오.|뜨거운 물질인 경우, 열을 없애기 위해 영향을 받은 부위를 다량의 차가운 물에 담그거나 씻어내시오|오염된 옷과 신발을 제거하고 오염지역을 격리하시오|물질과 접촉시 즉시 20분 이상 흐르는 물에 피부와 눈을 씻어내시오|경미한 피부 접촉 시 오염부위 확산을 방지하시오
흡입했을 때: 신선한 공기가 있는 곳으로 옮기시오|따뜻하게 하고 안정되게 해주시오|노출되거나 노출이 우려되면 의학적인 조치·조언을 구하시오.
먹었을 때: 물질을 먹거나 흡입하였을 경우 구강대구강법으로 인공호흡을 하지 말고 적절한 호흡의료장비를 이용하시오|노출되거나 노출이 우려되면 의학적인 조치·조언을 구하시오.|입을 씻어내시오.
기타 의사의 주의사항: 폭로시 의료진에게 연락하고 추적조사 등의 특별한 응급조치를 취하시오.|접촉·흡입하여 생긴 증상은 지연될 수 있음|의료인력이 해당물질에 대해 인지하고 보호조치를 취하도록 하시오"
